,,,,,,,,,,,,,,,,, ml , dl , l , t , T , floz , oz , c , pt , qt , gal ,g,lb
,"Volume-to-weight calculator by Martin Lersch (v.2, January 2014)",,,,,,,,,Optional,,,,,,," 1,00 ", 100 , 1.000 ," 5,0 "," 15,0 "," 29,6 "," 28,3 ", 237 , 473 , 946 , 3.785 ,1,453
,Convert US customary units to grams based on densities,,,,,,,,,scaling:,"0,7",,,,,, g/ml , g/dl , g/l , g/t , g/T , g/floz , g/oz , g/cup , g/pt , g/qt , g/gal ,,g/lb
,,,,,,,,,,,,,,,"allspice, ground",," 0,42 ", 42 , 420 ," 2,1 "," 6,3 "," 12,4 "," 28,3 ", 99 , 199 , 397 , 1.590 ,1,453
,,,,,,,,,,,,,,,"almonds, ground",," 0,36 ", 36 , 360 ," 1,8 "," 5,4 "," 10,6 "," 28,3 ", 85 , 170 , 341 , 1.363 ,1,453
,Amount,Unit *,Ingredient,,Amount,Unit,%,Scaled amounts,,Amount,Unit,,,,"almonds, sliced",," 0,39 ", 39 , 389 ," 1,9 "," 5,8 "," 11,5 "," 28,3 ", 92 , 184 , 368 , 1.472 ,1,453
,1,c,"blueberries, raw",148,150,g,"4,1 %",105,,105,g,,,,"almonds, whole",," 0,66 ", 66 , 660 ," 3,3 "," 9,9 "," 19,5 "," 28,3 ", 156 , 312 , 625 , 2.498 ,1,453
,1,c,sugar,"205,831765755",210,g,"5,7 %",147,,145,g,,,,anchovies,," 1,02 ", 102 , 1.020 ," 5,1 "," 15,3 "," 30,2 "," 28,3 ", 241 , 483 , 965 , 3.861 ,1,453
,14,oz,flour,"396,893",400,g,"10,9 %",280,,280,g,,,,"anise seed, whole",," 0,45 ", 45 , 447 ," 2,2 "," 6,7 "," 13,2 "," 28,3 ", 106 , 211 , 423 , 1.691 ,1,453
,"1,5",c,milk,"354,88235475",350,g,"9,5 %",245,,250,g,,,,"apples, dried",," 0,38 ", 38 , 380 ," 1,9 "," 5,7 "," 11,2 "," 28,3 ", 90 , 180 , 360 , 1.438 ,1,453
,1,t,vanilla extract,"4,4","4,4",g,"0,1 %","3,08",,"3,1",g,,,,"apples, sliced",," 0,76 ", 76 , 760 ," 3,8 "," 11,4 "," 22,5 "," 28,3 ", 180 , 360 , 719 , 2.877 ,1,453
,"1,5",t,baking powder,"5,7","5,5",g,"0,1 %","3,85",,"3,9",g,,,,"apricots, dried",," 0,64 ", 64 , 640 ," 3,2 "," 9,6 "," 18,9 "," 28,3 ", 151 , 303 , 606 , 2.423 ,1,453
,5,,egg,"302,5",300,g,"8,2 %",210,,210,g,,,,arrowroot,," 0,95 ", 95 , 950 ," 4,8 "," 14,3 "," 28,1 "," 28,3 ", 225 , 450 , 899 , 3.596 ,1,453
,2,,egg yolk,40,40,g,"1,1 %",28,,28,g,,,,arrowroot flour,," 0,54 ", 54 , 541 ," 2,7 "," 8,1 "," 16,0 "," 28,3 ", 128 , 256 , 512 , 2.048 ,1,453
,2,qt,water,"1892,705892",1900,g,"51,7 %",1330,,1325,g,,,,bacon fat,," 0,76 ", 76 , 760 ," 3,8 "," 11,4 "," 22,5 "," 28,3 ", 180 , 360 , 719 , 2.877 ,1,453
,5,ml,rum (40%),"4,7","4,7",g,"0,1 %","3,29",,"3,3",g,,,,baking powder,," 0,76 ", 76 , 760 ," 3,8 "," 11,4 "," 22,5 "," 28,3 ", 180 , 360 , 719 , 2.877 ,1,453
,12,g,"yeast, active dry",12,12,g,"0,3 %","8,4",,"8,5",g,,,,baking soda,," 0,87 ", 87 , 870 ," 4,4 "," 13,1 "," 25,7 "," 28,3 ", 206 , 412 , 823 , 3.293 ,1,453
,1,,"butter, stick","114,75",115,g,"3,1 %","80,5",,80,g,,,,bamboo shoots,," 1,14 ", 114 , 1.140 ," 5,7 "," 17,1 "," 33,7 "," 28,3 ", 270 , 539 , 1.079 , 4.315 ,1,453
,"0,5",c,"walnuts, chopped","57,9641179425",60,g,"1,6 %",42,,42,g,,,,"bananas, mashed",," 0,97 ", 97 , 970 ," 4,9 "," 14,6 "," 28,7 "," 28,3 ", 229 , 459 , 918 , 3.672 ,1,453
,"0,5",c,"raisins, seedless, not packed","72,5",75,g,"2,0 %","52,5",,55,g,,,,"bananas, sliced",," 0,76 ", 76 , 760 ," 3,8 "," 11,4 "," 22,5 "," 28,3 ", 180 , 360 , 719 , 2.877 ,1,453
,1,T,"wine, red","14,85",15,g,"0,4 %","10,5",,11,g,,,,barley flour,," 0,63 ", 63 , 626 ," 3,1 "," 9,4 "," 18,5 "," 28,3 ", 148 , 296 , 592 , 2.368 ,1,453
,1,floz,"vodka, 40%","27,79911778875",28,g,"0,8 %","19,6",,20,g,,,,"barley, uncooked",," 0,78 ", 78 , 780 ," 3,9 "," 11,7 "," 23,1 "," 28,3 ", 185 , 369 , 738 , 2.953 ,1,453
,1,t,"nutmeg, ground","2,33333333333333","2,3",g,"0,1 %","1,61",,"1,6",g,,,,"basil, dried",," 0,11 ", 11 , 110 ," 0,6 "," 1,7 "," 3,3 "," 28,3 ", 26 , 52 , 104 , 416 ,1,453
,1,t,"allspice, ground","2,1","2,1",g,"0,1 %","1,47",,"1,5",g,,,,"basil, dried leaves",," 0,14 ", 14 , 140 ," 0,7 "," 2,1 "," 4,1 "," 28,3 ", 33 , 66 , 132 , 530 ,1,453
,,,,,"3674,0",g,100%,,,"2572,8",g,,,,"bay leaf, crumbled",," 0,12 ", 12 , 120 ," 0,6 "," 1,8 "," 3,5 "," 28,3 ", 28 , 57 , 114 , 454 ,1,453
,,,,,,,,,,,,,,,"beans, dried",," 0,85 ", 85 , 850 ," 4,3 "," 12,8 "," 25,1 "," 28,3 ", 201 , 402 , 804 , 3.218 ,1,453
,,,,,,,,,,,,,,,"beef, cooked",," 0,97 ", 97 , 970 ," 4,9 "," 14,6 "," 28,7 "," 28,3 ", 229 , 459 , 918 , 3.672 ,1,453
,*) Allowed units:,,,,,,,,,,,,,,"beef, raw",," 0,93 ", 93 , 930 ," 4,7 "," 14,0 "," 27,5 "," 28,3 ", 220 , 440 , 880 , 3.520 ,1,453
,"US volume units: t, T, floz, c, pt, qt, gal",,,,,,,,,,,,,,biscuit mix (Bisquick),," 0,55 ", 55 , 550 ," 2,8 "," 8,3 "," 16,3 "," 28,3 ", 130 , 260 , 520 , 2.082 ,1,453
,"US weight units: oz, lb",,,,,,,,,,,,,,"blackberries, raw",," 0,61 ", 61 , 609 ," 3,0 "," 9,1 "," 18,0 "," 28,3 ", 144 , 288 , 576 , 2.304 ,1,453
,"Metric volume units: ml, dl, l",,,,,,,,,,,,,,blue corn meal,," 0,51 ", 51 , 510 ," 2,6 "," 7,7 "," 15,1 "," 28,3 ", 121 , 241 , 483 , 1.931 ,1,453
,"Metric weight units: g, kg",,,,,,,,,,,,,,"blueberries, raw",," 0,63 ", 63 , 626 ," 3,1 "," 9,4 "," 18,5 "," 28,3 ", 148 , 296 , 592 , 2.368 ,1,453
,"For eggs, egg whites, egg yolks and stick of butter unit field is left blank",,,,,,,,,,,,,,"bran, unsifted",," 0,23 ", 23 , 230 ," 1,2 "," 3,5 "," 6,8 "," 28,3 ", 54 , 109 , 218 , 871 ,1,453
,,,,,,,,,,,,,,,"brazil nuts, whole",," 0,64 ", 64 , 640 ," 3,2 "," 9,6 "," 18,9 "," 28,3 ", 151 , 303 , 606 , 2.423 ,1,453
,Navigation,,,,,,,,,,,,,,"bread crumbs, fresh",," 0,25 ", 25 , 250 ," 1,3 "," 3,8 "," 7,4 "," 28,3 ", 59 , 118 , 237 , 946 ,1,453
,Use tab or left/right arrow to navigate in/out of ingredients,,,,,,,,,,,,,,"bread crumbs, packaged",," 0,51 ", 51 , 510 ," 2,6 "," 7,7 "," 15,1 "," 28,3 ", 121 , 241 , 483 , 1.931 ,1,453
,Autocomplete feature in ingredient field requires macros to be enabled,,,,,,,,,,,,,,buckwheat groats,," 0,72 ", 72 , 720 ," 3,6 "," 10,8 "," 21,3 "," 28,3 ", 170 , 341 , 681 , 2.725 ,1,453
,Use up/down arrows to navigate up/down in drop down list of ingredients,,,,,,,,,,,,,,"bulgur, dry",," 0,59 ", 59 , 592 ," 3,0 "," 8,9 "," 17,5 "," 28,3 ", 140 , 280 , 560 , 2.240 ,1,453
,,,,,,,,,,,,,,,butter,," 0,97 ", 97 , 970 ," 4,9 "," 14,6 "," 28,7 "," 28,3 ", 229 , 459 , 918 , 3.672 ,1,453
,References,,,,,,,,,,,,,,"butter, stick","114,75"," 0,97 ", 97 , 970 ," 4,9 "," 14,6 "," 28,7 "," 28,3 ", 229 , 459 , 918 , 3.672 ,1,453
,Densities mainly taken from rec.food.cooking and USDA National Nutrient Database,,,,,,,,,,,,,,buttermilk,," 1,04 ", 104 , 1.040 ," 5,2 "," 15,6 "," 30,8 "," 28,3 ", 246 , 492 , 984 , 3.937 ,1,453
,Some additional data from http://www.aqua-calc.com,,,,,,,,,,,,,,"cabbage, shredded",," 1,44 ", 144 , 1.440 ," 7,2 "," 21,6 "," 42,6 "," 28,3 ", 341 , 681 , 1.363 , 5.451 ,1,453
,Some densities added/corrected by Martin Lersch,,,,,,,,,,,,,,"cake crumbs, fresh",," 0,38 ", 38 , 380 ," 1,9 "," 5,7 "," 11,2 "," 28,3 ", 90 , 180 , 360 , 1.438 ,1,453
,,,,,,,,,,,,,,,candied lemon peel,," 0,57 ", 57 , 570 ," 2,9 "," 8,6 "," 16,9 "," 28,3 ", 135 , 270 , 539 , 2.158 ,1,453
,"Volume-to-weight calculator by Martin Lersch (v.2, January 2014)",,,,,,,,,,,,,,candied orange peel,," 0,53 ", 53 , 530 ," 2,7 "," 8,0 "," 15,7 "," 28,3 ", 125 , 251 , 502 , 2.006 ,1,453
,Downloaded from Khymos - a blog dedicated to molecular gastronomy and popular food science,,,,,,,,,,,,,,"caraway seed, whole",," 0,45 ", 45 , 447 ," 2,2 "," 6,7 "," 13,2 "," 28,3 ", 106 , 211 , 423 , 1.691 ,1,453
,http://blog.khymos.org,,,,,,,,,,,,,,"cardamom, ground",," 0,39 ", 39 , 387 ," 1,9 "," 5,8 "," 11,4 "," 28,3 ", 91 , 183 , 366 , 1.464 ,1,453
,http://twitter.com/tastymolecules,,,,,,,,,,,,,,carob flour,," 0,44 ", 44 , 435 ," 2,2 "," 6,5 "," 12,9 "," 28,3 ", 103 , 206 , 412 , 1.648 ,1,453
,,,,,,,,,,,,,,,"carrots, raw, chopped",," 0,54 ", 54 , 541 ," 2,7 "," 8,1 "," 16,0 "," 28,3 ", 128 , 256 , 512 , 2.048 ,1,453
,,,,,,,,,,,,,,,"carrots, raw, grated",," 0,46 ", 46 , 465 ," 2,3 "," 7,0 "," 13,8 "," 28,3 ", 110 , 220 , 440 , 1.760 ,1,453
,,,,,,,,,,,,,,,"cashews, oil roasted",," 0,47 ", 47 , 470 ," 2,4 "," 7,1 "," 13,9 "," 28,3 ", 111 , 222 , 445 , 1.779 ,1,453
,,,,,,,,,,,,,,,cauliflower fleurets,," 0,97 ", 97 , 970 ," 4,9 "," 14,6 "," 28,7 "," 28,3 ", 229 , 459 , 918 , 3.672 ,1,453
,,,,,,,,,,,,,,,"cayenne, powder",," 0,35 ", 35 , 353 ," 1,8 "," 5,3 "," 10,4 "," 28,3 ", 84 , 167 , 334 , 1.338 ,1,453
,,,,,,,,,,,,,,,celery seed,," 0,43 ", 43 , 430 ," 2,2 "," 6,5 "," 12,7 "," 28,3 ", 102 , 203 , 407 , 1.628 ,1,453
,,,,,,,,,,,,,,,"cereal, Rice Krispies",," 0,09 ", 9 , 90 ," 0,5 "," 1,4 "," 2,7 "," 28,3 ", 21 , 43 , 85 , 341 ,1,453
,,,,,,,,,,,,,,,"cheese, cheddar, grated",," 0,51 ", 51 , 510 ," 2,6 "," 7,7 "," 15,1 "," 28,3 ", 121 , 241 , 483 , 1.931 ,1,453
,,,,,,,,,,,,,,,"cheese, colby, grated",," 0,47 ", 47 , 470 ," 2,4 "," 7,1 "," 13,9 "," 28,3 ", 111 , 222 , 445 , 1.779 ,1,453
,,,,,,,,,,,,,,,"cheese, cottage",," 0,97 ", 97 , 970 ," 4,9 "," 14,6 "," 28,7 "," 28,3 ", 229 , 459 , 918 , 3.672 ,1,453
,,,,,,,,,,,,,,,"cheese, cream",," 1,02 ", 102 , 1.020 ," 5,1 "," 15,3 "," 30,2 "," 28,3 ", 241 , 483 , 965 , 3.861 ,1,453
,,,,,,,,,,,,,,,"cheese, grated parmesan",," 0,59 ", 59 , 590 ," 3,0 "," 8,9 "," 17,4 "," 28,3 ", 140 , 279 , 558 , 2.233 ,1,453
,,,,,,,,,,,,,,,"cheese, jack, grated",," 0,55 ", 55 , 550 ," 2,8 "," 8,3 "," 16,3 "," 28,3 ", 130 , 260 , 520 , 2.082 ,1,453
,,,,,,,,,,,,,,,"chervil, dried",," 0,13 ", 13 , 127 ," 0,6 "," 1,9 "," 3,7 "," 28,3 ", 30 , 60 , 120 , 479 ,1,453
,,,,,,,,,,,,,,,chili powder,," 0,53 ", 53 , 533 ," 2,7 "," 8,0 "," 15,8 "," 28,3 ", 126 , 252 , 505 , 2.019 ,1,453
,,,,,,,,,,,,,,,"chives, chopped dried",," 0,03 ", 3 , 30 ," 0,2 "," 0,5 "," 0,9 "," 28,3 ", 7 , 14 , 28 , 114 ,1,453
,,,,,,,,,,,,,,,"chives, chopped fresh",," 0,21 ", 21 , 210 ," 1,1 "," 3,2 "," 6,2 "," 28,3 ", 50 , 99 , 199 , 795 ,1,453
,,,,,,,,,,,,,,,chocolate chips,," 0,76 ", 76 , 760 ," 3,8 "," 11,4 "," 22,5 "," 28,3 ", 180 , 360 , 719 , 2.877 ,1,453
,,,,,,,,,,,,,,,"chocolate, cocoa powder",," 0,43 ", 43 , 430 ," 2,2 "," 6,5 "," 12,7 "," 28,3 ", 102 , 203 , 407 , 1.628 ,1,453
,,,,,,,,,,,,,,,"chocolate, grated",," 0,42 ", 42 , 420 ," 2,1 "," 6,3 "," 12,4 "," 28,3 ", 99 , 199 , 397 , 1.590 ,1,453
,,,,,,,,,,,,,,,"chocolate, melted",," 1,02 ", 102 , 1.020 ," 5,1 "," 15,3 "," 30,2 "," 28,3 ", 241 , 483 , 965 , 3.861 ,1,453
,,,,,,,,,,,,,,,"cinnamon, ground",," 0,52 ", 52 , 520 ," 2,6 "," 7,8 "," 15,4 "," 28,3 ", 123 , 246 , 492 , 1.968 ,1,453
,,,,,,,,,,,,,,,"cloves, ground",," 0,41 ", 41 , 410 ," 2,1 "," 6,2 "," 12,1 "," 28,3 ", 97 , 194 , 388 , 1.552 ,1,453
,,,,,,,,,,,,,,,"cloves, whole",," 0,38 ", 38 , 380 ," 1,9 "," 5,7 "," 11,2 "," 28,3 ", 90 , 180 , 360 , 1.438 ,1,453
,,,,,,,,,,,,,,,cocoa powder,," 0,43 ", 43 , 430 ," 2,2 "," 6,5 "," 12,7 "," 28,3 ", 102 , 203 , 407 , 1.628 ,1,453
,,,,,,,,,,,,,,,"coconut, shredded",," 0,32 ", 32 , 320 ," 1,6 "," 4,8 "," 9,5 "," 28,3 ", 76 , 151 , 303 , 1.211 ,1,453
,,,,,,,,,,,,,,,"coffee, ground",," 0,38 ", 38 , 380 ," 1,9 "," 5,7 "," 11,2 "," 28,3 ", 90 , 180 , 360 , 1.438 ,1,453
,,,,,,,,,,,,,,,"coffee, instant",," 0,23 ", 23 , 230 ," 1,2 "," 3,5 "," 6,8 "," 28,3 ", 54 , 109 , 218 , 871 ,1,453
,,,,,,,,,,,,,,,coriander seed,," 0,33 ", 33 , 333 ," 1,7 "," 5,0 "," 9,9 "," 28,3 ", 79 , 158 , 315 , 1.262 ,1,453
,,,,,,,,,,,,,,,"corn, sweet yellow, raw",," 0,61 ", 61 , 613 ," 3,1 "," 9,2 "," 18,1 "," 28,3 ", 145 , 290 , 580 , 2.320 ,1,453
,,,,,,,,,,,,,,,cornmeal,," 0,72 ", 72 , 720 ," 3,6 "," 10,8 "," 21,3 "," 28,3 ", 170 , 341 , 681 , 2.725 ,1,453
,,,,,,,,,,,,,,,cornstarch (cornflour),," 0,59 ", 59 , 590 ," 3,0 "," 8,9 "," 17,4 "," 28,3 ", 140 , 279 , 558 , 2.233 ,1,453
,,,,,,,,,,,,,,,cracker crumbs,," 0,25 ", 25 , 250 ," 1,3 "," 3,8 "," 7,4 "," 28,3 ", 59 , 118 , 237 , 946 ,1,453
,,,,,,,,,,,,,,,"cranberries, raw, chopped",," 0,46 ", 46 , 465 ," 2,3 "," 7,0 "," 13,8 "," 28,3 ", 110 , 220 , 440 , 1.760 ,1,453
,,,,,,,,,,,,,,,"cranberries, raw, whole",," 0,42 ", 42 , 420 ," 2,1 "," 6,3 "," 12,4 "," 28,3 ", 99 , 199 , 397 , 1.590 ,1,453
,,,,,,,,,,,,,,,cream,," 1,01 ", 101 , 1.010 ," 5,1 "," 15,2 "," 29,9 "," 28,3 ", 239 , 478 , 956 , 3.823 ,1,453
,,,,,,,,,,,,,,,cream of tartar,," 0,64 ", 64 , 640 ," 3,2 "," 9,6 "," 18,9 "," 28,3 ", 151 , 303 , 606 , 2.423 ,1,453
,,,,,,,,,,,,,,,cream of wheat,," 0,76 ", 76 , 760 ," 3,8 "," 11,4 "," 22,5 "," 28,3 ", 180 , 360 , 719 , 2.877 ,1,453
,,,,,,,,,,,,,,,"crisco, melted",," 0,89 ", 89 , 890 ," 4,5 "," 13,4 "," 26,3 "," 28,3 ", 211 , 421 , 842 , 3.369 ,1,453
,,,,,,,,,,,,,,,"crisco, solid",," 0,93 ", 93 , 930 ," 4,7 "," 14,0 "," 27,5 "," 28,3 ", 220 , 440 , 880 , 3.520 ,1,453
,,,,,,,,,,,,,,,"cumin seed, whole",," 0,40 ", 40 , 400 ," 2,0 "," 6,0 "," 11,8 "," 28,3 ", 95 , 189 , 379 , 1.514 ,1,453
,,,,,,,,,,,,,,,currants,," 0,64 ", 64 , 640 ," 3,2 "," 9,6 "," 18,9 "," 28,3 ", 151 , 303 , 606 , 2.423 ,1,453
,,,,,,,,,,,,,,,curry powder,," 0,43 ", 43 , 430 ," 2,2 "," 6,5 "," 12,7 "," 28,3 ", 102 , 203 , 407 , 1.628 ,1,453
,,,,,,,,,,,,,,,"dates, chopped",," 0,64 ", 64 , 640 ," 3,2 "," 9,6 "," 18,9 "," 28,3 ", 151 , 303 , 606 , 2.423 ,1,453
,,,,,,,,,,,,,,,dill seed,," 0,44 ", 44 , 440 ," 2,2 "," 6,6 "," 13,0 "," 28,3 ", 104 , 208 , 416 , 1.666 ,1,453
,,,,,,,,,,,,,,,egg,"60,5"," 0,97 ", 97 , 970 ," 4,9 "," 14,6 "," 28,7 "," 28,3 ", 229 , 459 , 918 , 3.672 ,1,453
,,,,,,,,,,,,,,,egg noodles,," 0,38 ", 38 , 380 ," 1,9 "," 5,7 "," 11,2 "," 28,3 ", 90 , 180 , 360 , 1.438 ,1,453
,,,,,,,,,,,,,,,egg white,"34,5"," 0,93 ", 93 , 930 ," 4,7 "," 14,0 "," 27,5 "," 28,3 ", 220 , 440 , 880 , 3.520 ,1,453
,,,,,,,,,,,,,,,egg yolk,20," 1,14 ", 114 , 1.140 ," 5,7 "," 17,1 "," 33,7 "," 28,3 ", 270 , 539 , 1.079 , 4.315 ,1,453
,,,,,,,,,,,,,,,"egg, beaten","60,5"," 0,97 ", 97 , 970 ," 4,9 "," 14,6 "," 28,7 "," 28,3 ", 229 , 459 , 918 , 3.672 ,1,453
,,,,,,,,,,,,,,,"elderberries, raw",," 0,61 ", 61 , 613 ," 3,1 "," 9,2 "," 18,1 "," 28,3 ", 145 , 290 , 580 , 2.320 ,1,453
,,,,,,,,,,,,,,,evaporated milk,," 0,93 ", 93 , 930 ," 4,7 "," 14,0 "," 27,5 "," 28,3 ", 220 , 440 , 880 , 3.520 ,1,453
,,,,,,,,,,,,,,,farina,," 0,76 ", 76 , 760 ," 3,8 "," 11,4 "," 22,5 "," 28,3 ", 180 , 360 , 719 , 2.877 ,1,453
,,,,,,,,,,,,,,,"fat, duck",," 0,87 ", 87 , 866 ," 4,3 "," 13,0 "," 25,6 "," 28,3 ", 205 , 410 , 820 , 3.280 ,1,453
,,,,,,,,,,,,,,,"fennel seed, whole",," 0,39 ", 39 , 387 ," 1,9 "," 5,8 "," 11,4 "," 28,3 ", 91 , 183 , 366 , 1.464 ,1,453
,,,,,,,,,,,,,,,fenugreek seed,," 0,74 ", 74 , 740 ," 3,7 "," 11,1 "," 21,9 "," 28,3 ", 175 , 350 , 700 , 2.801 ,1,453
,,,,,,,,,,,,,,,"figs, dried",," 0,66 ", 66 , 660 ," 3,3 "," 9,9 "," 19,5 "," 28,3 ", 156 , 312 , 625 , 2.498 ,1,453
,,,,,,,,,,,,,,,flour,," 0,60 ", 60 , 600 ," 3,0 "," 9,0 "," 17,7 "," 28,3 ", 142 , 284 , 568 , 2.271 ,1,453
,,,,,,,,,,,,,,,"flour, plain wheat",," 0,60 ", 60 , 600 ," 3,0 "," 9,0 "," 17,7 "," 28,3 ", 142 , 284 , 568 , 2.271 ,1,453
,,,,,,,,,,,,,,,"flour, plain wheat - scooped",," 0,65 ", 65 , 650 ," 3,3 "," 9,8 "," 19,2 "," 28,3 ", 154 , 308 , 615 , 2.461 ,1,453
,,,,,,,,,,,,,,,"flour, plain wheat - spooned",," 0,55 ", 55 , 550 ," 2,8 "," 8,3 "," 16,3 "," 28,3 ", 130 , 260 , 520 , 2.082 ,1,453
,,,,,,,,,,,,,,,"flour, potato",," 0,72 ", 72 , 720 ," 3,6 "," 10,8 "," 21,3 "," 28,3 ", 170 , 341 , 681 , 2.725 ,1,453
,,,,,,,,,,,,,,,"flour, rice",," 0,64 ", 64 , 640 ," 3,2 "," 9,6 "," 18,9 "," 28,3 ", 151 , 303 , 606 , 2.423 ,1,453
,,,,,,,,,,,,,,,"flour, semolina",," 0,74 ", 74 , 740 ," 3,7 "," 11,1 "," 21,9 "," 28,3 ", 175 , 350 , 700 , 2.801 ,1,453
,,,,,,,,,,,,,,,"flour, whole wheat",," 0,55 ", 55 , 550 ," 2,8 "," 8,3 "," 16,3 "," 28,3 ", 130 , 260 , 520 , 2.082 ,1,453
,,,,,,,,,,,,,,,"fungus, wood ear",," 0,42 ", 42 , 420 ," 2,1 "," 6,3 "," 12,4 "," 28,3 ", 99 , 199 , 397 , 1.590 ,1,453
,,,,,,,,,,,,,,,garlic powder,," 0,68 ", 68 , 680 ," 3,4 "," 10,2 "," 20,1 "," 28,3 ", 161 , 322 , 644 , 2.574 ,1,453
,,,,,,,,,,,,,,,"garlic, minced",," 0,64 ", 64 , 640 ," 3,2 "," 9,6 "," 18,9 "," 28,3 ", 151 , 303 , 606 , 2.423 ,1,453
,,,,,,,,,,,,,,,gelatin,," 0,93 ", 93 , 930 ," 4,7 "," 14,0 "," 27,5 "," 28,3 ", 220 , 440 , 880 , 3.520 ,1,453
,,,,,,,,,,,,,,,"ginger root, raw",," 0,40 ", 40 , 400 ," 2,0 "," 6,0 "," 11,8 "," 28,3 ", 95 , 189 , 379 , 1.514 ,1,453
,,,,,,,,,,,,,,,"ginger root, raw, slices",," 0,41 ", 41 , 406 ," 2,0 "," 6,1 "," 12,0 "," 28,3 ", 96 , 192 , 384 , 1.536 ,1,453
,,,,,,,,,,,,,,,"ginger, crystal",," 1,02 ", 102 , 1.020 ," 5,1 "," 15,3 "," 30,2 "," 28,3 ", 241 , 483 , 965 , 3.861 ,1,453
,,,,,,,,,,,,,,,"ginger, fresh",," 0,97 ", 97 , 970 ," 4,9 "," 14,6 "," 28,7 "," 28,3 ", 229 , 459 , 918 , 3.672 ,1,453
,,,,,,,,,,,,,,,"ginger, ground",," 0,43 ", 43 , 430 ," 2,2 "," 6,5 "," 12,7 "," 28,3 ", 102 , 203 , 407 , 1.628 ,1,453
,,,,,,,,,,,,,,,"gooseberries, raw",," 0,63 ", 63 , 634 ," 3,2 "," 9,5 "," 18,8 "," 28,3 ", 150 , 300 , 600 , 2.400 ,1,453
,,,,,,,,,,,,,,,graham cracker crumbs,," 0,38 ", 38 , 380 ," 1,9 "," 5,7 "," 11,2 "," 28,3 ", 90 , 180 , 360 , 1.438 ,1,453
,,,,,,,,,,,,,,,grape nuts,," 0,51 ", 51 , 510 ," 2,6 "," 7,7 "," 15,1 "," 28,3 ", 121 , 241 , 483 , 1.931 ,1,453
,,,,,,,,,,,,,,,gumdrops,," 0,68 ", 68 , 680 ," 3,4 "," 10,2 "," 20,1 "," 28,3 ", 161 , 322 , 644 , 2.574 ,1,453
,,,,,,,,,,,,,,,gummi bears,," 0,64 ", 64 , 640 ," 3,2 "," 9,6 "," 18,9 "," 28,3 ", 151 , 303 , 606 , 2.423 ,1,453
,,,,,,,,,,,,,,,"hazelnuts, whole",," 0,72 ", 72 , 720 ," 3,6 "," 10,8 "," 21,3 "," 28,3 ", 170 , 341 , 681 , 2.725 ,1,453
,,,,,,,,,,,,,,,honey,," 1,44 ", 144 , 1.440 ," 7,2 "," 21,6 "," 42,6 "," 28,3 ", 341 , 681 , 1.363 , 5.451 ,1,453
,,,,,,,,,,,,,,,kasha,," 0,72 ", 72 , 720 ," 3,6 "," 10,8 "," 21,3 "," 28,3 ", 170 , 341 , 681 , 2.725 ,1,453
,,,,,,,,,,,,,,,ketchup,," 1,16 ", 116 , 1.160 ," 5,8 "," 17,4 "," 34,3 "," 28,3 ", 274 , 549 , 1.098 , 4.391 ,1,453
,,,,,,,,,,,,,,,lard,," 0,93 ", 93 , 930 ," 4,7 "," 14,0 "," 27,5 "," 28,3 ", 220 , 440 , 880 , 3.520 ,1,453
,,,,,,,,,,,,,,,lemon juice,," 1,03 ", 103 , 1.030 ," 5,2 "," 15,5 "," 30,5 "," 28,3 ", 244 , 487 , 975 , 3.899 ,1,453
,,,,,,,,,,,,,,,"lemon rind, grated",," 0,64 ", 64 , 640 ," 3,2 "," 9,6 "," 18,9 "," 28,3 ", 151 , 303 , 606 , 2.423 ,1,453
,,,,,,,,,,,,,,,lentils,," 0,85 ", 85 , 850 ," 4,3 "," 12,8 "," 25,1 "," 28,3 ", 201 , 402 , 804 , 3.218 ,1,453
,,,,,,,,,,,,,,,"macaroni, uncooked",," 0,49 ", 49 , 490 ," 2,5 "," 7,4 "," 14,5 "," 28,3 ", 116 , 232 , 464 , 1.855 ,1,453
,,,,,,,,,,,,,,,"mace, ground",," 0,35 ", 35 , 353 ," 1,8 "," 5,3 "," 10,4 "," 28,3 ", 84 , 167 , 334 , 1.338 ,1,453
,,,,,,,,,,,,,,,margarine,," 0,93 ", 93 , 930 ," 4,7 "," 14,0 "," 27,5 "," 28,3 ", 220 , 440 , 880 , 3.520 ,1,453
,,,,,,,,,,,,,,,"marjoram, dried",," 0,11 ", 11 , 113 ," 0,6 "," 1,7 "," 3,4 "," 28,3 ", 27 , 54 , 107 , 429 ,1,453
,,,,,,,,,,,,,,,"marshmallows, small",," 0,21 ", 21 , 210 ," 1,1 "," 3,2 "," 6,2 "," 28,3 ", 50 , 99 , 199 , 795 ,1,453
,,,,,,,,,,,,,,,mashed potatoes,," 0,89 ", 89 , 890 ," 4,5 "," 13,4 "," 26,3 "," 28,3 ", 211 , 421 , 842 , 3.369 ,1,453
,,,,,,,,,,,,,,,mayonnaise,," 0,93 ", 93 , 930 ," 4,7 "," 14,0 "," 27,5 "," 28,3 ", 220 , 440 , 880 , 3.520 ,1,453
,,,,,,,,,,,,,,,milk,," 1,00 ", 100 , 1.000 ," 5,0 "," 15,0 "," 29,6 "," 28,3 ", 237 , 473 , 946 , 3.785 ,1,453
,,,,,,,,,,,,,,,"milk, evaporated",," 0,93 ", 93 , 930 ," 4,7 "," 14,0 "," 27,5 "," 28,3 ", 220 , 440 , 880 , 3.520 ,1,453
,,,,,,,,,,,,,,,"milk, powdered",," 0,49 ", 49 , 490 ," 2,5 "," 7,4 "," 14,5 "," 28,3 ", 116 , 232 , 464 , 1.855 ,1,453
,,,,,,,,,,,,,,,millet flour,," 0,50 ", 50 , 503 ," 2,5 "," 7,5 "," 14,9 "," 28,3 ", 119 , 238 , 476 , 1.904 ,1,453
,,,,,,,,,,,,,,,molasses,," 1,45 ", 145 , 1.450 ," 7,3 "," 21,8 "," 42,9 "," 28,3 ", 343 , 686 , 1.372 , 5.489 ,1,453
,,,,,,,,,,,,,,,"mulberries, raw",," 0,59 ", 59 , 592 ," 3,0 "," 8,9 "," 17,5 "," 28,3 ", 140 , 280 , 560 , 2.240 ,1,453
,,,,,,,,,,,,,,,"mushrooms, Chinese black",," 0,21 ", 21 , 210 ," 1,1 "," 3,2 "," 6,2 "," 28,3 ", 50 , 99 , 199 , 795 ,1,453
,,,,,,,,,,,,,,,"mushrooms, chopped",," 0,32 ", 32 , 320 ," 1,6 "," 4,8 "," 9,5 "," 28,3 ", 76 , 151 , 303 , 1.211 ,1,453
,,,,,,,,,,,,,,,"mushrooms, sliced",," 0,28 ", 28 , 280 ," 1,4 "," 4,2 "," 8,3 "," 28,3 ", 66 , 132 , 265 , 1.060 ,1,453
,,,,,,,,,,,,,,,"mushrooms, whole",," 0,25 ", 25 , 250 ," 1,3 "," 3,8 "," 7,4 "," 28,3 ", 59 , 118 , 237 , 946 ,1,453
,,,,,,,,,,,,,,,mustard seed,," 0,64 ", 64 , 640 ," 3,2 "," 9,6 "," 18,9 "," 28,3 ", 151 , 303 , 606 , 2.423 ,1,453
,,,,,,,,,,,,,,,"mustard seed, ground",," 0,42 ", 42 , 420 ," 2,1 "," 6,3 "," 12,4 "," 28,3 ", 99 , 199 , 397 , 1.590 ,1,453
,,,,,,,,,,,,,,,"mustard, dry",," 0,49 ", 49 , 490 ," 2,5 "," 7,4 "," 14,5 "," 28,3 ", 116 , 232 , 464 , 1.855 ,1,453
,,,,,,,,,,,,,,,"mustard, prepared",," 1,06 ", 106 , 1.060 ," 5,3 "," 15,9 "," 31,3 "," 28,3 ", 251 , 502 , 1.003 , 4.013 ,1,453
,,,,,,,,,,,,,,,"nutmeg, ground",," 0,47 ", 47 , 467 ," 2,3 "," 7,0 "," 13,8 "," 28,3 ", 110 , 221 , 442 , 1.767 ,1,453
,,,,,,,,,,,,,,,"oatmeal, uncooked",," 0,34 ", 34 , 340 ," 1,7 "," 5,1 "," 10,1 "," 28,3 ", 80 , 161 , 322 , 1.287 ,1,453
,,,,,,,,,,,,,,,"oats, rolled",," 0,34 ", 34 , 340 ," 1,7 "," 5,1 "," 10,1 "," 28,3 ", 80 , 161 , 322 , 1.287 ,1,453
,,,,,,,,,,,,,,,"oats, steel-cut",," 0,68 ", 68 , 680 ," 3,4 "," 10,2 "," 20,1 "," 28,3 ", 161 , 322 , 644 , 2.574 ,1,453
,,,,,,,,,,,,,,,"oil, vegetable",," 0,89 ", 89 , 890 ," 4,5 "," 13,4 "," 26,3 "," 28,3 ", 211 , 421 , 842 , 3.369 ,1,453
,,,,,,,,,,,,,,,olive oil,," 0,81 ", 81 , 810 ," 4,1 "," 12,2 "," 24,0 "," 28,3 ", 192 , 383 , 767 , 3.066 ,1,453
,,,,,,,,,,,,,,,"olives, chopped",," 0,76 ", 76 , 760 ," 3,8 "," 11,4 "," 22,5 "," 28,3 ", 180 , 360 , 719 , 2.877 ,1,453
,,,,,,,,,,,,,,,"onion, chopped",," 0,64 ", 64 , 640 ," 3,2 "," 9,6 "," 18,9 "," 28,3 ", 151 , 303 , 606 , 2.423 ,1,453
,,,,,,,,,,,,,,,"onion, minced",," 0,85 ", 85 , 850 ," 4,3 "," 12,8 "," 25,1 "," 28,3 ", 201 , 402 , 804 , 3.218 ,1,453
,,,,,,,,,,,,,,,"onion, sliced",," 0,55 ", 55 , 550 ," 2,8 "," 8,3 "," 16,3 "," 28,3 ", 130 , 260 , 520 , 2.082 ,1,453
,,,,,,,,,,,,,,,"orange rind, grated",," 0,38 ", 38 , 380 ," 1,9 "," 5,7 "," 11,2 "," 28,3 ", 90 , 180 , 360 , 1.438 ,1,453
,,,,,,,,,,,,,,,"oregano, dried, ground",," 0,36 ", 36 , 360 ," 1,8 "," 5,4 "," 10,6 "," 28,3 ", 85 , 170 , 341 , 1.363 ,1,453
,,,,,,,,,,,,,,,"oregano, dried, leaves",," 0,20 ", 20 , 200 ," 1,0 "," 3,0 "," 5,9 "," 28,3 ", 47 , 95 , 189 , 757 ,1,453
,,,,,,,,,,,,,,,"oreo cookies, crushed",," 0,51 ", 51 , 510 ," 2,6 "," 7,7 "," 15,1 "," 28,3 ", 121 , 241 , 483 , 1.931 ,1,453
,,,,,,,,,,,,,,,paprika,," 0,49 ", 49 , 490 ," 2,5 "," 7,4 "," 14,5 "," 28,3 ", 116 , 232 , 464 , 1.855 ,1,453
,,,,,,,,,,,,,,,paprika powder,," 0,45 ", 45 , 453 ," 2,3 "," 6,8 "," 13,4 "," 28,3 ", 107 , 215 , 429 , 1.716 ,1,453
,,,,,,,,,,,,,,,"parsley, dried",," 0,11 ", 11 , 107 ," 0,5 "," 1,6 "," 3,2 "," 28,3 ", 25 , 50 , 101 , 404 ,1,453
,,,,,,,,,,,,,,,"parsley, fresh",," 0,17 ", 17 , 170 ," 0,9 "," 2,6 "," 5,0 "," 28,3 ", 40 , 80 , 161 , 644 ,1,453
,,,,,,,,,,,,,,,"pasta, egg noodles",," 0,38 ", 38 , 380 ," 1,9 "," 5,7 "," 11,2 "," 28,3 ", 90 , 180 , 360 , 1.438 ,1,453
,,,,,,,,,,,,,,,"pasta, macaroni",," 0,49 ", 49 , 490 ," 2,5 "," 7,4 "," 14,5 "," 28,3 ", 116 , 232 , 464 , 1.855 ,1,453
,,,,,,,,,,,,,,,peanut butter,," 0,76 ", 76 , 760 ," 3,8 "," 11,4 "," 22,5 "," 28,3 ", 180 , 360 , 719 , 2.877 ,1,453
,,,,,,,,,,,,,,,peanuts,," 0,62 ", 62 , 617 ," 3,1 "," 9,3 "," 18,3 "," 28,3 ", 146 , 292 , 584 , 2.336 ,1,453
,,,,,,,,,,,,,,,"peanuts, chopped",," 0,68 ", 68 , 680 ," 3,4 "," 10,2 "," 20,1 "," 28,3 ", 161 , 322 , 644 , 2.574 ,1,453
,,,,,,,,,,,,,,,"peanuts, oil roasted",," 0,64 ", 64 , 640 ," 3,2 "," 9,6 "," 18,9 "," 28,3 ", 151 , 303 , 606 , 2.423 ,1,453
,,,,,,,,,,,,,,,"peas, green, raw",," 0,61 ", 61 , 613 ," 3,1 "," 9,2 "," 18,1 "," 28,3 ", 145 , 290 , 580 , 2.320 ,1,453
,,,,,,,,,,,,,,,"peas, uncooked",," 0,64 ", 64 , 640 ," 3,2 "," 9,6 "," 18,9 "," 28,3 ", 151 , 303 , 606 , 2.423 ,1,453
,,,,,,,,,,,,,,,pecans,," 0,46 ", 46 , 465 ," 2,3 "," 7,0 "," 13,8 "," 28,3 ", 110 , 220 , 440 , 1.760 ,1,453
,,,,,,,,,,,,,,,"pecans, chopped",," 0,51 ", 51 , 510 ," 2,6 "," 7,7 "," 15,1 "," 28,3 ", 121 , 241 , 483 , 1.931 ,1,453
,,,,,,,,,,,,,,,"pecans, ground",," 0,42 ", 42 , 420 ," 2,1 "," 6,3 "," 12,4 "," 28,3 ", 99 , 199 , 397 , 1.590 ,1,453
,,,,,,,,,,,,,,,"pecans, shelled",," 0,51 ", 51 , 510 ," 2,6 "," 7,7 "," 15,1 "," 28,3 ", 121 , 241 , 483 , 1.931 ,1,453
,,,,,,,,,,,,,,,"pepper, black, ground",," 0,46 ", 46 , 460 ," 2,3 "," 6,9 "," 13,6 "," 28,3 ", 109 , 218 , 435 , 1.741 ,1,453
,,,,,,,,,,,,,,,"pepper, white, ground",," 0,47 ", 47 , 473 ," 2,4 "," 7,1 "," 14,0 "," 28,3 ", 112 , 224 , 448 , 1.792 ,1,453
,,,,,,,,,,,,,,,"peppercorns, black",," 0,57 ", 57 , 570 ," 2,9 "," 8,6 "," 16,9 "," 28,3 ", 135 , 270 , 539 , 2.158 ,1,453
,,,,,,,,,,,,,,,"peppercorns, white",," 0,64 ", 64 , 640 ," 3,2 "," 9,6 "," 18,9 "," 28,3 ", 151 , 303 , 606 , 2.423 ,1,453
,,,,,,,,,,,,,,,"peppers, chopped chili",," 0,72 ", 72 , 720 ," 3,6 "," 10,8 "," 21,3 "," 28,3 ", 170 , 341 , 681 , 2.725 ,1,453
,,,,,,,,,,,,,,,pignolias (pine nuts),," 0,53 ", 53 , 530 ," 2,7 "," 8,0 "," 15,7 "," 28,3 ", 125 , 251 , 502 , 2.006 ,1,453
,,,,,,,,,,,,,,,"pistachio nuts, raw",," 0,52 ", 52 , 520 ," 2,6 "," 7,8 "," 15,4 "," 28,3 ", 123 , 246 , 492 , 1.968 ,1,453
,,,,,,,,,,,,,,,poppy seeds,," 0,58 ", 58 , 580 ," 2,9 "," 8,7 "," 17,2 "," 28,3 ", 137 , 274 , 549 , 2.196 ,1,453
,,,,,,,,,,,,,,,potato flour,," 0,68 ", 68 , 676 ," 3,4 "," 10,1 "," 20,0 "," 28,3 ", 160 , 320 , 640 , 2.560 ,1,453
,,,,,,,,,,,,,,,"potatoes, cooked diced",," 0,85 ", 85 , 850 ," 4,3 "," 12,8 "," 25,1 "," 28,3 ", 201 , 402 , 804 , 3.218 ,1,453
,,,,,,,,,,,,,,,"potatoes, mashed",," 0,89 ", 89 , 890 ," 4,5 "," 13,4 "," 26,3 "," 28,3 ", 211 , 421 , 842 , 3.369 ,1,453
,,,,,,,,,,,,,,,"potatoes, sliced raw",," 0,76 ", 76 , 760 ," 3,8 "," 11,4 "," 22,5 "," 28,3 ", 180 , 360 , 719 , 2.877 ,1,453
,,,,,,,,,,,,,,,pumpkin pie spice,," 0,37 ", 37 , 373 ," 1,9 "," 5,6 "," 11,0 "," 28,3 ", 88 , 177 , 353 , 1.413 ,1,453
,,,,,,,,,,,,,,,"pumpkin, cooked",," 0,76 ", 76 , 760 ," 3,8 "," 11,4 "," 22,5 "," 28,3 ", 180 , 360 , 719 , 2.877 ,1,453
,,,,,,,,,,,,,,,"quinoa, uncooked",," 0,72 ", 72 , 719 ," 3,6 "," 10,8 "," 21,3 "," 28,3 ", 170 , 340 , 680 , 2.720 ,1,453
,,,,,,,,,,,,,,,"raisins, seedless, not packed",," 0,61 ", 61 , 613 ," 3,1 "," 9,2 "," 18,1 "," 28,3 ", 145 , 290 , 580 , 2.320 ,1,453
,,,,,,,,,,,,,,,"raisins, seedless, packed",," 0,70 ", 70 , 697 ," 3,5 "," 10,5 "," 20,6 "," 28,3 ", 165 , 330 , 660 , 2.640 ,1,453
,,,,,,,,,,,,,,,"raspberries, raw",," 0,52 ", 52 , 520 ," 2,6 "," 7,8 "," 15,4 "," 28,3 ", 123 , 246 , 492 , 1.968 ,1,453
,,,,,,,,,,,,,,,"rice flour, brown",," 0,67 ", 67 , 668 ," 3,3 "," 10,0 "," 19,8 "," 28,3 ", 158 , 316 , 632 , 2.528 ,1,453
,,,,,,,,,,,,,,,"rice flour, white",," 0,67 ", 67 , 668 ," 3,3 "," 10,0 "," 19,8 "," 28,3 ", 158 , 316 , 632 , 2.528 ,1,453
,,,,,,,,,,,,,,,"rice, arborio uncooked",," 0,77 ", 77 , 770 ," 3,9 "," 11,6 "," 22,8 "," 28,3 ", 182 , 364 , 729 , 2.915 ,1,453
,,,,,,,,,,,,,,,"rice, brown, long-grain, uncooked",," 0,78 ", 78 , 782 ," 3,9 "," 11,7 "," 23,1 "," 28,3 ", 185 , 370 , 740 , 2.960 ,1,453
,,,,,,,,,,,,,,,"rice, brown, medium-grain, uncooked",," 0,80 ", 80 , 803 ," 4,0 "," 12,0 "," 23,8 "," 28,3 ", 190 , 380 , 760 , 3.040 ,1,453
,,,,,,,,,,,,,,,"rice, steamed",," 0,68 ", 68 , 680 ," 3,4 "," 10,2 "," 20,1 "," 28,3 ", 161 , 322 , 644 , 2.574 ,1,453
,,,,,,,,,,,,,,,"rice, uncooked",," 0,89 ", 89 , 890 ," 4,5 "," 13,4 "," 26,3 "," 28,3 ", 211 , 421 , 842 , 3.369 ,1,453
,,,,,,,,,,,,,,,"rice, uncooked Basmati",," 0,83 ", 83 , 830 ," 4,2 "," 12,5 "," 24,5 "," 28,3 ", 196 , 393 , 785 , 3.142 ,1,453
,,,,,,,,,,,,,,,"rice, uncooked Jasmin",," 0,78 ", 78 , 780 ," 3,9 "," 11,7 "," 23,1 "," 28,3 ", 185 , 369 , 738 , 2.953 ,1,453
,,,,,,,,,,,,,,,"rice, white, glutinous, uncooked",," 0,78 ", 78 , 782 ," 3,9 "," 11,7 "," 23,1 "," 28,3 ", 185 , 370 , 740 , 2.960 ,1,453
,,,,,,,,,,,,,,,"rice, white, short-grain, uncooked",," 0,85 ", 85 , 845 ," 4,2 "," 12,7 "," 25,0 "," 28,3 ", 200 , 400 , 800 , 3.200 ,1,453
,,,,,,,,,,,,,,,"rice, wild, uncooked",," 0,61 ", 61 , 610 ," 3,1 "," 9,2 "," 18,0 "," 28,3 ", 144 , 289 , 577 , 2.309 ,1,453
,,,,,,,,,,,,,,,"rosemary, dried",," 0,22 ", 22 , 220 ," 1,1 "," 3,3 "," 6,5 "," 28,3 ", 52 , 104 , 208 , 833 ,1,453
,,,,,,,,,,,,,,,"rosemary, fresh",," 0,11 ", 11 , 113 ," 0,6 "," 1,7 "," 3,4 "," 28,3 ", 27 , 54 , 107 , 429 ,1,453
,,,,,,,,,,,,,,,rum (40%),," 0,94 ", 94 , 940 ," 4,7 "," 14,1 "," 27,8 "," 28,3 ", 222 , 445 , 890 , 3.558 ,1,453
,,,,,,,,,,,,,,,"rye flour, dark",," 0,54 ", 54 , 541 ," 2,7 "," 8,1 "," 16,0 "," 28,3 ", 128 , 256 , 512 , 2.048 ,1,453
,,,,,,,,,,,,,,,"rye flour, light",," 0,43 ", 43 , 431 ," 2,2 "," 6,5 "," 12,8 "," 28,3 ", 102 , 204 , 408 , 1.632 ,1,453
,,,,,,,,,,,,,,,"rye flour, medium",," 0,43 ", 43 , 431 ," 2,2 "," 6,5 "," 12,8 "," 28,3 ", 102 , 204 , 408 , 1.632 ,1,453
,,,,,,,,,,,,,,,saffron,," 0,14 ", 14 , 140 ," 0,7 "," 2,1 "," 4,1 "," 28,3 ", 33 , 66 , 132 , 530 ,1,453
,,,,,,,,,,,,,,,"sage, ground",," 0,13 ", 13 , 133 ," 0,7 "," 2,0 "," 3,9 "," 28,3 ", 32 , 63 , 126 , 505 ,1,453
,,,,,,,,,,,,,,,salt,," 1,02 ", 102 , 1.020 ," 5,1 "," 15,3 "," 30,2 "," 28,3 ", 241 , 483 , 965 , 3.861 ,1,453
,,,,,,,,,,,,,,,"salt, table",," 1,20 ", 120 , 1.200 ," 6,0 "," 18,0 "," 35,5 "," 28,3 ", 284 , 568 , 1.136 , 4.542 ,1,453
,,,,,,,,,,,,,,,scallions (green onions),," 0,21 ", 21 , 210 ," 1,1 "," 3,2 "," 6,2 "," 28,3 ", 50 , 99 , 199 , 795 ,1,453
,,,,,,,,,,,,,,,sesame seeds,," 0,68 ", 68 , 680 ," 3,4 "," 10,2 "," 20,1 "," 28,3 ", 161 , 322 , 644 , 2.574 ,1,453
,,,,,,,,,,,,,,,shallots,," 1,02 ", 102 , 1.020 ," 5,1 "," 15,3 "," 30,2 "," 28,3 ", 241 , 483 , 965 , 3.861 ,1,453
,,,,,,,,,,,,,,,sour cream,," 0,51 ", 51 , 510 ," 2,6 "," 7,7 "," 15,1 "," 28,3 ", 121 , 241 , 483 , 1.931 ,1,453
,,,,,,,,,,,,,,,soy sauce,," 1,07 ", 107 , 1.067 ," 5,3 "," 16,0 "," 31,5 "," 28,3 ", 252 , 505 , 1.009 , 4.038 ,1,453
,,,,,,,,,,,,,,,soymilk,," 1,03 ", 103 , 1.027 ," 5,1 "," 15,4 "," 30,4 "," 28,3 ", 243 , 486 , 972 , 3.888 ,1,453
,,,,,,,,,,,,,,,"spaghetti, uncooked",," 0,51 ", 51 , 510 ," 2,6 "," 7,7 "," 15,1 "," 28,3 ", 121 , 241 , 483 , 1.931 ,1,453
,,,,,,,,,,,,,,,"spearmint, dried",," 0,11 ", 11 , 107 ," 0,5 "," 1,6 "," 3,2 "," 28,3 ", 25 , 50 , 101 , 404 ,1,453
,,,,,,,,,,,,,,,"spinach, cooked",," 0,76 ", 76 , 760 ," 3,8 "," 11,4 "," 22,5 "," 28,3 ", 180 , 360 , 719 , 2.877 ,1,453
,,,,,,,,,,,,,,,split peas,," 0,85 ", 85 , 850 ," 4,3 "," 12,8 "," 25,1 "," 28,3 ", 201 , 402 , 804 , 3.218 ,1,453
,,,,,,,,,,,,,,,"strawberries, raw, halves",," 0,64 ", 64 , 642 ," 3,2 "," 9,6 "," 19,0 "," 28,3 ", 152 , 304 , 608 , 2.432 ,1,453
,,,,,,,,,,,,,,,"strawberries, raw, pureed",," 0,98 ", 98 , 981 ," 4,9 "," 14,7 "," 29,0 "," 28,3 ", 232 , 464 , 928 , 3.712 ,1,453
,,,,,,,,,,,,,,,sugar,," 0,87 ", 87 , 870 ," 4,4 "," 13,1 "," 25,7 "," 28,3 ", 206 , 412 , 823 , 3.293 ,1,453
,,,,,,,,,,,,,,,"sugar, brown",," 0,85 ", 85 , 850 ," 4,3 "," 12,8 "," 25,1 "," 28,3 ", 201 , 402 , 804 , 3.218 ,1,453
,,,,,,,,,,,,,,,"sugar, castor",," 0,81 ", 81 , 810 ," 4,1 "," 12,2 "," 24,0 "," 28,3 ", 192 , 383 , 767 , 3.066 ,1,453
,,,,,,,,,,,,,,,"sugar, confectioner's",," 0,55 ", 55 , 550 ," 2,8 "," 8,3 "," 16,3 "," 28,3 ", 130 , 260 , 520 , 2.082 ,1,453
,,,,,,,,,,,,,,,"sugar, granulated",," 0,87 ", 87 , 870 ," 4,4 "," 13,1 "," 25,7 "," 28,3 ", 206 , 412 , 823 , 3.293 ,1,453
,,,,,,,,,,,,,,,"sugar, powdered",," 0,55 ", 55 , 550 ," 2,8 "," 8,3 "," 16,3 "," 28,3 ", 130 , 260 , 520 , 2.082 ,1,453
,,,,,,,,,,,,,,,sultanas,," 0,64 ", 64 , 640 ," 3,2 "," 9,6 "," 18,9 "," 28,3 ", 151 , 303 , 606 , 2.423 ,1,453
,,,,,,,,,,,,,,,"sunflower seeds, shelled",," 0,56 ", 56 , 560 ," 2,8 "," 8,4 "," 16,6 "," 28,3 ", 132 , 265 , 530 , 2.120 ,1,453
,,,,,,,,,,,,,,,"sweet potatoes, cooked",," 1,02 ", 102 , 1.020 ," 5,1 "," 15,3 "," 30,2 "," 28,3 ", 241 , 483 , 965 , 3.861 ,1,453
,,,,,,,,,,,,,,,"sweet potatoes, raw",," 0,76 ", 76 , 760 ," 3,8 "," 11,4 "," 22,5 "," 28,3 ", 180 , 360 , 719 , 2.877 ,1,453
,,,,,,,,,,,,,,,"syrup, corn, dark",," 1,39 ", 139 , 1.386 ," 6,9 "," 20,8 "," 41,0 "," 28,3 ", 328 , 656 , 1.312 , 5.248 ,1,453
,,,,,,,,,,,,,,,"syrup, corn, light",," 1,44 ", 144 , 1.441 ," 7,2 "," 21,6 "," 42,6 "," 28,3 ", 341 , 682 , 1.364 , 5.456 ,1,453
,,,,,,,,,,,,,,,"syrups, maple",," 1,33 ", 133 , 1.333 ," 6,7 "," 20,0 "," 39,4 "," 28,3 ", 315 , 631 , 1.262 , 5.047 ,1,453
,,,,,,,,,,,,,,,tabasco,," 0,96 ", 96 , 960 ," 4,8 "," 14,4 "," 28,4 "," 28,3 ", 227 , 454 , 908 , 3.634 ,1,453
,,,,,,,,,,,,,,,"tarragon, dried leaves",," 0,12 ", 12 , 120 ," 0,6 "," 1,8 "," 3,5 "," 28,3 ", 28 , 57 , 114 , 454 ,1,453
,,,,,,,,,,,,,,,tea,," 0,32 ", 32 , 320 ," 1,6 "," 4,8 "," 9,5 "," 28,3 ", 76 , 151 , 303 , 1.211 ,1,453
,,,,,,,,,,,,,,,"thyme, dried, leaves",," 0,18 ", 18 , 180 ," 0,9 "," 2,7 "," 5,3 "," 28,3 ", 43 , 85 , 170 , 681 ,1,453
,,,,,,,,,,,,,,,"thyme, fresh",," 0,16 ", 16 , 160 ," 0,8 "," 2,4 "," 4,7 "," 28,3 ", 38 , 76 , 151 , 606 ,1,453
,,,,,,,,,,,,,,,tiger lily blossoms,," 0,17 ", 17 , 170 ," 0,9 "," 2,6 "," 5,0 "," 28,3 ", 40 , 80 , 161 , 644 ,1,453
,,,,,,,,,,,,,,,tomato paste,," 1,10 ", 110 , 1.100 ," 5,5 "," 16,5 "," 32,5 "," 28,3 ", 260 , 520 , 1.041 , 4.164 ,1,453
,,,,,,,,,,,,,,,tomato puree,," 1,06 ", 106 , 1.057 ," 5,3 "," 15,9 "," 31,3 "," 28,3 ", 250 , 500 , 1.000 , 4.000 ,1,453
,,,,,,,,,,,,,,,"tomatoes, chopped",," 0,68 ", 68 , 680 ," 3,4 "," 10,2 "," 20,1 "," 28,3 ", 161 , 322 , 644 , 2.574 ,1,453
,,,,,,,,,,,,,,,"tomatoes, crushed, canned",," 1,08 ", 108 , 1.078 ," 5,4 "," 16,2 "," 31,9 "," 28,3 ", 255 , 510 , 1.020 , 4.080 ,1,453
,,,,,,,,,,,,,,,"tuna, canned",," 0,85 ", 85 , 850 ," 4,3 "," 12,8 "," 25,1 "," 28,3 ", 201 , 402 , 804 , 3.218 ,1,453
,,,,,,,,,,,,,,,"turmeric, ground",," 0,59 ", 59 , 590 ," 3,0 "," 8,9 "," 17,4 "," 28,3 ", 140 , 279 , 558 , 2.233 ,1,453
,,,,,,,,,,,,,,,vanilla extract,," 0,88 ", 88 , 880 ," 4,4 "," 13,2 "," 26,0 "," 28,3 ", 208 , 416 , 833 , 3.331 ,1,453
,,,,,,,,,,,,,,,"vanilla wafers, crushed",," 0,68 ", 68 , 680 ," 3,4 "," 10,2 "," 20,1 "," 28,3 ", 161 , 322 , 644 , 2.574 ,1,453
,,,,,,,,,,,,,,,"vinegar, balsamic",," 1,08 ", 108 , 1.078 ," 5,4 "," 16,2 "," 31,9 "," 28,3 ", 255 , 510 , 1.020 , 4.080 ,1,453
,,,,,,,,,,,,,,,"vinegar, cider",," 1,01 ", 101 , 1.010 ," 5,1 "," 15,2 "," 29,9 "," 28,3 ", 239 , 478 , 956 , 3.823 ,1,453
,,,,,,,,,,,,,,,"vodka, 40%",," 0,94 ", 94 , 940 ," 4,7 "," 14,1 "," 27,8 "," 28,3 ", 222 , 445 , 890 , 3.558 ,1,453
,,,,,,,,,,,,,,,"walnuts, chopped",," 0,49 ", 49 , 490 ," 2,5 "," 7,4 "," 14,5 "," 28,3 ", 116 , 232 , 464 , 1.855 ,1,453
,,,,,,,,,,,,,,,"walnuts, ground",," 0,36 ", 36 , 360 ," 1,8 "," 5,4 "," 10,6 "," 28,3 ", 85 , 170 , 341 , 1.363 ,1,453
,,,,,,,,,,,,,,,"walnuts, shelled",," 0,51 ", 51 , 510 ," 2,6 "," 7,7 "," 15,1 "," 28,3 ", 121 , 241 , 483 , 1.931 ,1,453
,,,,,,,,,,,,,,,water,," 1,00 ", 100 , 1.000 ," 5,0 "," 15,0 "," 29,6 "," 28,3 ", 237 , 473 , 946 , 3.785 ,1,453
,,,,,,,,,,,,,,,"wheat flour, whole-grain",," 0,51 ", 51 , 507 ," 2,5 "," 7,6 "," 15,0 "," 28,3 ", 120 , 240 , 480 , 1.920 ,1,453
,,,,,,,,,,,,,,,wheat germ,," 0,53 ", 53 , 530 ," 2,7 "," 8,0 "," 15,7 "," 28,3 ", 125 , 251 , 502 , 2.006 ,1,453
,,,,,,,,,,,,,,,wild rice,," 0,61 ", 61 , 610 ," 3,1 "," 9,2 "," 18,0 "," 28,3 ", 144 , 289 , 577 , 2.309 ,1,453
,,,,,,,,,,,,,,,"wine, red",," 0,99 ", 99 , 990 ," 5,0 "," 14,9 "," 29,3 "," 28,3 ", 234 , 468 , 937 , 3.748 ,1,453
,,,,,,,,,,,,,,,"wine, white",," 0,99 ", 99 , 990 ," 5,0 "," 14,9 "," 29,3 "," 28,3 ", 234 , 468 , 937 , 3.748 ,1,453
,,,,,,,,,,,,,,,"yeast, active dry",," 1,23 ", 123 , 1.230 ," 6,2 "," 18,5 "," 36,4 "," 28,3 ", 291 , 582 , 1.164 , 4.656 ,1,453
